review,label
外观非常漂亮，颜色鲜艳，车身线条流畅，很有质感，非常满意！,1
车漆质量很差，买了没多久就出现了细小划痕，不耐用，失望。,0
外观设计中规中矩，没有特别出彩的地方，也没有特别差的地方。,2
这款车的外观设计非常运动，前脸造型霸气，非常喜欢！,1
车身颜色暗淡无光，看起来廉价感很强，外观差评。,0
车的轮廓设计感十足，侧面线条非常优美，颜值很高。,1
保险杠做工粗糙，有明显的缝隙，外观品质感差。,0
整体外观还可以，普通家用车的水准，不算惊艳也没太大问题。,2
车身贴合度高，各部件之间缝隙均匀，品质感强，外观满意。,1
大灯造型丑陋，与整车风格不搭，第一眼就不喜欢。,0
尾灯设计很有特点，点亮效果非常好看，吸引了很多回头率。,1
车漆颜色纯正，光泽度好，看起来很上档次。,1
车门做工一般，关门声音沉闷，外观质感一般。,2
前格栅设计大气，进气口造型非常霸气，十分吸睛。,1
侧裙看起来有些廉价，材质感不好，影响整体外观档次。,0
整车外观和谐统一，设计语言统一，比较耐看。,1
车顶线条有些过于平直，缺乏动感，外观略显普通。,2
轮毂设计非常漂亮，五辐造型时尚，配上轮胎效果很棒。,1
后视镜造型过时，看起来比较土，外观减分项。,0
车身腰线设计优美，过渡自然，侧面看起来非常好看。,1
外观一般般，说不上好也说不上差，颜值中等水平。,2
前脸设计太激进，不太符合大众审美，个人不太喜欢。,0
车漆厚实，手感好，外观细节处理到位，做工精良。,1
翼子板与车门之间缝隙不均匀，外观做工有待提高。,0
整体外观比较保守，适合商务用途，实用但缺乏个性。,2
这款车的外观设计独树一帜，辨识度非常高，街上遇到回头率很高。,1
外观颜色选择太少，没有我喜欢的颜色，有些遗憾。,2
尾部造型比较平庸，没有太多亮点，略显单调。,0
车身比例协调，整体视觉效果非常好，外观令人满意。,1
雨刮器位置设计不合理，影响了整体外观美感，有些遗憾。,0
前大灯采用全LED光源，照明效果好，外观科技感十足。,1
车漆容易刮花，稍微一碰就有痕迹，外观耐久性差。,0
整车外观设计有些过时，和现在主流审美有差距。,0
车的颜值非常高，停在路上非常吸引眼球，同事都夸好看。,1
天窗设计很大气，采光好，外观加分不少。,1
车身颜色褪色比较快，没过多久就失去了光泽，质量一般。,0
外观整体还不错，比同级别车型好看一些，还算满意。,1
车身底部防护板设计一般，感觉不够坚固，外观也不好看。,0
外观有些过于保守，缺乏时尚感，年轻人可能不太喜欢。,2
轮毂尺寸偏小，配上车身显得比例不协调，稍有遗憾。,0
外观大气稳重，非常适合商务出行，品质感很强。,1
车漆有些薄，容易出现石击坑，外观耐久性不太好。,0
整体设计中庸，没有什么特别的亮点，普通的外观。,2
大灯和尾灯呼应设计，整体感很强，外观协调度很好。,1
车顶弧线优美，配合整车比例，视觉效果很棒。,1
外观做工有些粗糙，缝隙不均匀，品质感差强人意。,0
外观颜值在同级车型中属于中等水平，没有明显优势也没有明显劣势。,2
前包围设计运动，下方进气格栅加大，非常有攻击性。,1
车身腰线较高，视觉重心稳，外观非常沉稳大气。,1
车漆颜色与展厅差距较大，实车看起来不如照片好看，有些失望。,0
